group,indicator,value,text
ADDIS ABABA,avg_total_consumption_per_adult_equiv,51507.36811932866,"In ADDIS ABABA, the average total annual consumption per adult equivalent was 51507 birr (ESPS-5, 2021/22)."
AFAR,avg_total_consumption_per_adult_equiv,44534.12179296875,"In AFAR, the average total annual consumption per adult equivalent was 44534 birr (ESPS-5, 2021/22)."
AMHARA,avg_total_consumption_per_adult_equiv,34015.1850645484,"In AMHARA, the average total annual consumption per adult equivalent was 34015 birr (ESPS-5, 2021/22)."
BENISHANGUL GUMUZ,avg_total_consumption_per_adult_equiv,46451.974784777005,"In BENISHANGUL GUMUZ, the average total annual consumption per adult equivalent was 46452 birr (ESPS-5, 2021/22)."
DIRE DAWA,avg_total_consumption_per_adult_equiv,49077.21619331814,"In DIRE DAWA, the average total annual consumption per adult equivalent was 49077 birr (ESPS-5, 2021/22)."
GAMBELA,avg_total_consumption_per_adult_equiv,48724.12204717121,"In GAMBELA, the average total annual consumption per adult equivalent was 48724 birr (ESPS-5, 2021/22)."
HARAR,avg_total_consumption_per_adult_equiv,66628.35416006827,"In HARAR, the average total annual consumption per adult equivalent was 66628 birr (ESPS-5, 2021/22)."
OROMIA,avg_total_consumption_per_adult_equiv,36394.75851809324,"In OROMIA, the average total annual consumption per adult equivalent was 36395 birr (ESPS-5, 2021/22)."
SNNP,avg_total_consumption_per_adult_equiv,33667.843829708014,"In SNNP, the average total annual consumption per adult equivalent was 33668 birr (ESPS-5, 2021/22)."
SOMALI,avg_total_consumption_per_adult_equiv,36589.152623903705,"In SOMALI, the average total annual consumption per adult equivalent was 36589 birr (ESPS-5, 2021/22)."
"ADDIS ABABA, URBAN",avg_total_consumption_per_adult_equiv_by_area,51507.36811932866,"In ADDIS ABABA, URBAN, the average total annual consumption per adult equivalent was 51507 birr (ESPS-5, 2021/22)."
"AFAR, RURAL",avg_total_consumption_per_adult_equiv_by_area,30990.611194577992,"In AFAR, RURAL, the average total annual consumption per adult equivalent was 30991 birr (ESPS-5, 2021/22)."
"AFAR, URBAN",avg_total_consumption_per_adult_equiv_by_area,56448.337883282424,"In AFAR, URBAN, the average total annual consumption per adult equivalent was 56448 birr (ESPS-5, 2021/22)."
"AMHARA, RURAL",avg_total_consumption_per_adult_equiv_by_area,24320.078814909826,"In AMHARA, RURAL, the average total annual consumption per adult equivalent was 24320 birr (ESPS-5, 2021/22)."
"AMHARA, URBAN",avg_total_consumption_per_adult_equiv_by_area,49359.40834153543,"In AMHARA, URBAN, the average total annual consumption per adult equivalent was 49359 birr (ESPS-5, 2021/22)."
"BENISHANGUL GUMUZ, RURAL",avg_total_consumption_per_adult_equiv_by_area,37489.10619656545,"In BENISHANGUL GUMUZ, RURAL, the average total annual consumption per adult equivalent was 37489 birr (ESPS-5, 2021/22)."
"BENISHANGUL GUMUZ, URBAN",avg_total_consumption_per_adult_equiv_by_area,55952.61548828125,"In BENISHANGUL GUMUZ, URBAN, the average total annual consumption per adult equivalent was 55953 birr (ESPS-5, 2021/22)."
"DIRE DAWA, RURAL",avg_total_consumption_per_adult_equiv_by_area,27164.899026692707,"In DIRE DAWA, RURAL, the average total annual consumption per adult equivalent was 27165 birr (ESPS-5, 2021/22)."
"DIRE DAWA, URBAN",avg_total_consumption_per_adult_equiv_by_area,57936.64361917748,"In DIRE DAWA, URBAN, the average total annual consumption per adult equivalent was 57937 birr (ESPS-5, 2021/22)."
"GAMBELA, RURAL",avg_total_consumption_per_adult_equiv_by_area,39486.665506454716,"In GAMBELA, RURAL, the average total annual consumption per adult equivalent was 39487 birr (ESPS-5, 2021/22)."
"GAMBELA, URBAN",avg_total_consumption_per_adult_equiv_by_area,56074.778954039226,"In GAMBELA, URBAN, the average total annual consumption per adult equivalent was 56075 birr (ESPS-5, 2021/22)."
"HARAR, RURAL",avg_total_consumption_per_adult_equiv_by_area,46011.1268700133,"In HARAR, RURAL, the average total annual consumption per adult equivalent was 46011 birr (ESPS-5, 2021/22)."
"HARAR, URBAN",avg_total_consumption_per_adult_equiv_by_area,81769.13045120239,"In HARAR, URBAN, the average total annual consumption per adult equivalent was 81769 birr (ESPS-5, 2021/22)."
"OROMIA, RURAL",avg_total_consumption_per_adult_equiv_by_area,27520.4931552533,"In OROMIA, RURAL, the average total annual consumption per adult equivalent was 27520 birr (ESPS-5, 2021/22)."
"OROMIA, URBAN",avg_total_consumption_per_adult_equiv_by_area,50222.93105135385,"In OROMIA, URBAN, the average total annual consumption per adult equivalent was 50223 birr (ESPS-5, 2021/22)."
"SNNP, RURAL",avg_total_consumption_per_adult_equiv_by_area,24460.906027003195,"In SNNP, RURAL, the average total annual consumption per adult equivalent was 24461 birr (ESPS-5, 2021/22)."
"SNNP, URBAN",avg_total_consumption_per_adult_equiv_by_area,51465.18342154367,"In SNNP, URBAN, the average total annual consumption per adult equivalent was 51465 birr (ESPS-5, 2021/22)."
"SOMALI, RURAL",avg_total_consumption_per_adult_equiv_by_area,30833.742387322105,"In SOMALI, RURAL, the average total annual consumption per adult equivalent was 30834 birr (ESPS-5, 2021/22)."
"SOMALI, URBAN",avg_total_consumption_per_adult_equiv_by_area,45277.608461820164,"In SOMALI, URBAN, the average total annual consumption per adult equivalent was 45278 birr (ESPS-5, 2021/22)."
ADDIS ABABA,avg_household_size,3.987577639751553,"In ADDIS ABABA, the average household size was 4.0 people (ESPS-5, 2021/22)."
AFAR,avg_household_size,4.384,"In AFAR, the average household size was 4.4 people (ESPS-5, 2021/22)."
AMHARA,avg_household_size,3.995426829268293,"In AMHARA, the average household size was 4.0 people (ESPS-5, 2021/22)."
BENISHANGUL GUMUZ,avg_household_size,3.966019417475728,"In BENISHANGUL GUMUZ, the average household size was 4.0 people (ESPS-5, 2021/22)."
DIRE DAWA,avg_household_size,4.251439539347409,"In DIRE DAWA, the average household size was 4.3 people (ESPS-5, 2021/22)."
GAMBELA,avg_household_size,4.7843601895734595,"In GAMBELA, the average household size was 4.8 people (ESPS-5, 2021/22)."
HARAR,avg_household_size,4.301801801801802,"In HARAR, the average household size was 4.3 people (ESPS-5, 2021/22)."
OROMIA,avg_household_size,4.675039246467818,"In OROMIA, the average household size was 4.7 people (ESPS-5, 2021/22)."
SNNP,avg_household_size,4.904109589041096,"In SNNP, the average household size was 4.9 people (ESPS-5, 2021/22)."
SOMALI,avg_household_size,6.436781609195402,"In SOMALI, the average household size was 6.4 people (ESPS-5, 2021/22)."
ADDIS ABABA,avg_age,27.97445766270119,"In ADDIS ABABA, the average age of household members was 28.0 years (ESPS-5, 2021/22)."
AFAR,avg_age,23.77552674230146,"In AFAR, the average age of household members was 23.8 years (ESPS-5, 2021/22)."
AMHARA,avg_age,25.432890365448504,"In AMHARA, the average age of household members was 25.4 years (ESPS-5, 2021/22)."
BENISHANGUL GUMUZ,avg_age,24.536216216216218,"In BENISHANGUL GUMUZ, the average age of household members was 24.5 years (ESPS-5, 2021/22)."
DIRE DAWA,avg_age,25.872923588039868,"In DIRE DAWA, the average age of household members was 25.9 years (ESPS-5, 2021/22)."
GAMBELA,avg_age,22.543972543972544,"In GAMBELA, the average age of household members was 22.5 years (ESPS-5, 2021/22)."
HARAR,avg_age,24.773929773929773,"In HARAR, the average age of household members was 24.8 years (ESPS-5, 2021/22)."
OROMIA,avg_age,22.963499245852187,"In OROMIA, the average age of household members was 23.0 years (ESPS-5, 2021/22)."
SNNP,avg_age,23.225371491469456,"In SNNP, the average age of household members was 23.2 years (ESPS-5, 2021/22)."
SOMALI,avg_age,21.825139664804468,"In SOMALI, the average age of household members was 21.8 years (ESPS-5, 2021/22)."
ADDIS ABABA,pct_female,56.2631210636809,"In ADDIS ABABA, 56.3% of surveyed household members were female (ESPS-5, 2021/22)."
AFAR,pct_female,49.3517017828201,"In AFAR, 49.4% of surveyed household members were female (ESPS-5, 2021/22)."
AMHARA,pct_female,52.59136212624585,"In AMHARA, 52.6% of surveyed household members were female (ESPS-5, 2021/22)."
BENISHANGUL GUMUZ,pct_female,49.08108108108108,"In BENISHANGUL GUMUZ, 49.1% of surveyed household members were female (ESPS-5, 2021/22)."
DIRE DAWA,pct_female,50.705980066445186,"In DIRE DAWA, 50.7% of surveyed household members were female (ESPS-5, 2021/22)."
GAMBELA,pct_female,51.69455169455169,"In GAMBELA, 51.7% of surveyed household members were female (ESPS-5, 2021/22)."
HARAR,pct_female,49.87974987974988,"In HARAR, 49.9% of surveyed household members were female (ESPS-5, 2021/22)."
OROMIA,pct_female,51.191553544494724,"In OROMIA, 51.2% of surveyed household members were female (ESPS-5, 2021/22)."
SNNP,pct_female,51.89873417721519,"In SNNP, 51.9% of surveyed household members were female (ESPS-5, 2021/22)."
SOMALI,pct_female,48.212290502793294,"In SOMALI, 48.2% of surveyed household members were female (ESPS-5, 2021/22)."
ADDIS ABABA,pct_literate,81.4207650273224,"In ADDIS ABABA, an estimated 81.4% of surveyed individuals can read and write (ESPS-5, 2021/22)."
AFAR,pct_literate,36.13906678865508,"In AFAR, an estimated 36.1% of surveyed individuals can read and write (ESPS-5, 2021/22)."
AMHARA,pct_literate,49.828178694158076,"In AMHARA, an estimated 49.8% of surveyed individuals can read and write (ESPS-5, 2021/22)."
BENISHANGUL GUMUZ,pct_literate,52.63803680981595,"In BENISHANGUL GUMUZ, an estimated 52.6% of surveyed individuals can read and write (ESPS-5, 2021/22)."
DIRE DAWA,pct_literate,62.601994560290116,"In DIRE DAWA, an estimated 62.6% of surveyed individuals can read and write (ESPS-5, 2021/22)."
GAMBELA,pct_literate,61.75298804780876,"In GAMBELA, an estimated 61.8% of surveyed individuals can read and write (ESPS-5, 2021/22)."
HARAR,pct_literate,60.17979904812269,"In HARAR, an estimated 60.2% of surveyed individuals can read and write (ESPS-5, 2021/22)."
OROMIA,pct_literate,50.15187310158623,"In OROMIA, an estimated 50.2% of surveyed individuals can read and write (ESPS-5, 2021/22)."
SNNP,pct_literate,50.405236907730675,"In SNNP, an estimated 50.4% of surveyed individuals can read and write (ESPS-5, 2021/22)."
SOMALI,pct_literate,45.23021366235329,"In SOMALI, an estimated 45.2% of surveyed individuals can read and write (ESPS-5, 2021/22)."
ADDIS ABABA,pct_ever_attended_school,85.01170960187353,"In ADDIS ABABA, an estimated 85.0% of surveyed individuals have ever attended school (ESPS-5, 2021/22)."
AFAR,pct_ever_attended_school,40.256175663311986,"In AFAR, an estimated 40.3% of surveyed individuals have ever attended school (ESPS-5, 2021/22)."
AMHARA,pct_ever_attended_school,54.371897670866744,"In AMHARA, an estimated 54.4% of surveyed individuals have ever attended school (ESPS-5, 2021/22)."
BENISHANGUL GUMUZ,pct_ever_attended_school,61.717791411042946,"In BENISHANGUL GUMUZ, an estimated 61.7% of surveyed individuals have ever attended school (ESPS-5, 2021/22)."
DIRE DAWA,pct_ever_attended_school,70.44424297370807,"In DIRE DAWA, an estimated 70.4% of surveyed individuals have ever attended school (ESPS-5, 2021/22)."
GAMBELA,pct_ever_attended_school,68.62549800796813,"In GAMBELA, an estimated 68.6% of surveyed individuals have ever attended school (ESPS-5, 2021/22)."
HARAR,pct_ever_attended_school,66.41988365943945,"In HARAR, an estimated 66.4% of surveyed individuals have ever attended school (ESPS-5, 2021/22)."
OROMIA,pct_ever_attended_school,58.65676679041512,"In OROMIA, an estimated 58.7% of surveyed individuals have ever attended school (ESPS-5, 2021/22)."
SNNP,pct_ever_attended_school,59.88154613466334,"In SNNP, an estimated 59.9% of surveyed individuals have ever attended school (ESPS-5, 2021/22)."
SOMALI,pct_ever_attended_school,45.04965392717424,"In SOMALI, an estimated 45.0% of surveyed individuals have ever attended school (ESPS-5, 2021/22)."
ADDIS ABABA,pct_illness_4wk,2.849336455893833,"In ADDIS ABABA, an estimated 2.8% of surveyed individuals reported an illness or injury in the last 4 weeks (ESPS-5, 2021/22)."
AFAR,pct_illness_4wk,6.7703568161024705,"In AFAR, an estimated 6.8% of surveyed individuals reported an illness or injury in the last 4 weeks (ESPS-5, 2021/22)."
AMHARA,pct_illness_4wk,4.429171439480718,"In AMHARA, an estimated 4.4% of surveyed individuals reported an illness or injury in the last 4 weeks (ESPS-5, 2021/22)."
BENISHANGUL GUMUZ,pct_illness_4wk,2.331288343558282,"In BENISHANGUL GUMUZ, an estimated 2.3% of surveyed individuals reported an illness or injury in the last 4 weeks (ESPS-5, 2021/22)."
DIRE DAWA,pct_illness_4wk,3.0825022665457844,"In DIRE DAWA, an estimated 3.1% of surveyed individuals reported an illness or injury in the last 4 weeks (ESPS-5, 2021/22)."
GAMBELA,pct_illness_4wk,4.731075697211155,"In GAMBELA, an estimated 4.7% of surveyed individuals reported an illness or injury in the last 4 weeks (ESPS-5, 2021/22)."
HARAR,pct_illness_4wk,4.0719196192490745,"In HARAR, an estimated 4.1% of surveyed individuals reported an illness or injury in the last 4 weeks (ESPS-5, 2021/22)."
OROMIA,pct_illness_4wk,4.218697266284171,"In OROMIA, an estimated 4.2% of surveyed individuals reported an illness or injury in the last 4 weeks (ESPS-5, 2021/22)."
SNNP,pct_illness_4wk,4.177057356608479,"In SNNP, an estimated 4.2% of surveyed individuals reported an illness or injury in the last 4 weeks (ESPS-5, 2021/22)."
SOMALI,pct_illness_4wk,3.0695154980439363,"In SOMALI, an estimated 3.1% of surveyed individuals reported an illness or injury in the last 4 weeks (ESPS-5, 2021/22)."
